expediente,tipo,objetoContrato,fecha,importe,adjudicatario
MSU 125/22,Suministros,Contratación del Suministro en Régimen de Alquiler de Once Películas a Cinco Empresas que tienen Exclusividad y Recogida y Devolución de las mismas,Resuelta Adjudicación:24/03/2022,4799.60,A CONTRACORRIENTE FILMS; S.L.; AMADEUS COURIER; S.L.U.; AVALON DIST. AUDIVISUAL; S.L.; CARAMEL FILMS; S.L.; WATSON & HOLMES; S.L.U.; YEDRA FILMS; S.L.,
MSU 252/22,Suministros,Contratación del Suministro de una cabina de arena y un elevador hidráulico de dos columnas para el taller del Parque Móvil Municipal,Resuelta Adjudicación:18/05/2022,3545.00,A.C. 99 MOTOR SL,
MSU 124/22,Suministros,Contratación del Suministro para la Suscripción Anual de los Periódicos Sur La Opinión de Málaga Málaga Hoy  As El País El Mundo y ABC,Resuelta Adjudicación:22/03/2022,14833.78,ABC SEVILLA; S.L.; EDICIONES EL PAIS; S.L.; EDITORIAL MALAGUEÑA DE PUBLICACIONES; S.L.; LA OPINIÓN DE MÁLAGA; S.L.U.; PRENSA MALAGUEÑA; S.A; UNIDAD EDITORIAL; S.L.,
MOB 097/22,Obras,Contratación de la obra denominada "Remodelación y Mejora de Infraestructuras en calle San Ildefonso entre calle Santo Tomas de Aquino y calle Sur San Pedro Alcántara TM Marbella Málaga,Resuelta Adjudicación:18/03/2022,39997.70,ACSA OBRAS E INFRAESTRUCTURAS; S.A.,
MSU 223/22,Suministros,Contratación del alquiler de la vivienda sita en calle Marqués de Estella 25 para su uso como vivienda tutelada,Resuelta Adjudicación:05/05/2022,113.42,AGENCIA DE VIVIENDA Y REHABILITACIÓN DE ANDALUCÍA,
MSE 206/22,Servicios,Contratación del Servicio consistente en la redacción del reformado del proyecto básico y de ejecución de remodelación de la parcela y reforma de las edificaciones del Faro de Marbella como centro "Agenda 2030",Resuelta Adjudicación:03/05/2022,9850.00,AGUADO ARQUITECTOS SLP,
MSE 213/22,Servicios,Contratación del Servicio de asesoría profesional publicitaria para la realización de informes de valoración de los retornos de la inversión de los expedientes de patrocinios publicitarios de Marca Marbella,Resuelta Adjudicación:11/05/2022,14900.00,AITOR BANDA POVEDA,
MSE 045/22,Servicios,Contratación del Servicio consistente en Redacción de Proyecto para "Centro Asistencial Polivalente de Nueva Andalucía TM Marbella Málaga,Resuelta Adjudicación:16/02/2022,14987.60,ALBERTO GALLEGO GARCIA,
MSE 099/22,Servicios,Contratación del Servicio de Arquitectura para el Seguimiento Verificación y Control de las Actuaciones en Instalaciones Municipales,Resuelta Adjudicación:14/03/2022,14950.00,ALBERTO GALLEGO GARCIA,
MSE 111/22,Servicios,Contratación del Servicio consistente en Asistencia Técnica a la Dirección de Obra de Acondicionamiento de Local Municipal como "Centro de Innovación Social de Marbella Social Hub" en camino del Trapiche esquina a camino de las Ánimas TM Marbella Málaga,Resuelta Adjudicación:18/03/2022,6198.35,ALBERTO GALLEGO GARCIA,
MSE 302/22,Servicios,Contratación del Servicio consistente en Asistencia Técnica a la Dirección de Obra para Actuaciones varias de Mejora del CEIP Nuestra Señora del Carmen TM Marbella Málaga,Resuelta Adjudicación:14/06/2022,5315.03,ALBERTO GALLEGO GARCIA,
MSE 177/22,Servicios,Contratación del Servicio del Profesorado Externo para Impartición del Curso de Ingreso para nueve Agentes de Policía Local del Excmo Ayuntamiento de Marbella según la Convocatoria Publicada en el Boletín Oficial de la Provincia de Málaga nº 136 de fecha 16 de julio de 2020,Resuelta Adjudicación:27/04/2022,12456.00,ALEJANDRO DEL VANDO MORENO; ALFONSO MENDOZA BELLIDO; CARLOS TEJADA BAÑALES; FRANCISCO J. PÉREZ HORTAL; IVÁN CASTILLEJO CALE; JOSÉ GONZALEZ MELERO; JOSÉ MARÍA MARTINEZ VÁZQUEZ; JOSÉ MARÍA RUIZ HERRERO; JUAN CARLOS MIRANDA DOMINGUEZ; JUAN JOSE MARTINEZ CANDELLAT; JULIO A. MARTÍNEZ CARAZO; LUIS BERNAL BERMEJO; MANUEL LAVIGNE LABERNIA; MARIA DE LAS OLAS PALMA GARCÍA; Mª DEL PILAR SÁNCHEZ MÉNDEZ; PABLO IBAÑEZ GALLARDO; ROCIO RIVERO FERNANDEZ; ROSARIO ALISES CASTILLO; SANTIAGO RODRIGO GUTIÉRREZ,
MSE 096/22,Servicios,Contratación del Servicio de Creatividad Diseño Adaptación e Impresión del Programa Marbella Crea 2022 de la Delegación de Juventud,Resuelta Adjudicación:18/03/2022,3716.00,ALEJANDRO GONZALEZ VAZQUEZ,
MSU 134/22,Suministros,Contratación del la Adquisición de la Señalética de los Espacios Vinilo de la Cristalera y Vinilo del Depósito y Cartel Sala de Estudio; Biblioteca Municipal y Semblanza de Fernando Alcalá,Resuelta Adjudicación:01/04/2022,14855.00,ALEJANDRO GONZALEZ VAZQUEZ,
MSE 266/22,Servicios,Contratación del Servicio de Elaboración grabación difusión publicación y evaluación de una película modalidad cortometraje con cargo a los fondos recibidos por el denominado Pacto de Estado,Resuelta Adjudicación:01/06/2022,6962.90,ALEJANDRO SANTAELLA VERA,
MSE 020/22,Servicios,Contratación del Servicio de Asistencia Técnica a Dirección de Obra de Remodelación y Mejora de Infraestructuras en Pasaje San José San Pedro Alcántara TM Marbella Málaga Incluido en la Edusi Marbella Modelo de Ciudad Sostenible Cofinanciado en un 80 por el Fondo Europeo de Desarrollo Regional FEDER en el Marco del Programa Operativo Plurirregional de España POPE 2014-2020,Resuelta Adjudicación:31/01/2022,5500.00,ALFIZ 97 INGENIERÍA Y ARQUITECTURA; S.L.,
MSE 021/22,Servicios,Contratación del Servicio de Asistencia Técnica a Dirección de Regeneración Urbana de las calles Virgen de Loreto Perpetuo Socorro Virgen del Pilar Sagrada Familia y los Claveles San Pedro Alcántara TM Marbella Málaga Incluido en la Edusi Marbella Modelo de Ciudad Sostenible Cofinanciado en un 80 por el Fondo Europeo de Desarrollo Regional FEDER en el Marco del Programa Operativo Plurirregional de España POPE 2014-2020,Resuelta Adjudicación:31/01/2022,10300.00,ALFIZ 97 INGENIERÍA Y ARQUITECTURA; S.L.,
MSE 022/22,Servicios,Contratación del Servicio de Asistencia Técnica a la Dirección de obra Tratamiento Urbano del Interior de la Glorieta de "Pedro Gil" en la intersección entre la Avda Virgen del Rocío y la Avda Norberto Goizueta Daz San Pedro Alcántara TM Marbella Málaga Incluido en la Edusi Marbella Modelo de Ciudad Sostenible Cofinanciado en un 80 por el Fondo Europeo de Desarrollo Regional FEDER en el Marco del Programa Operativo Plurirregional de España POPE 2014-2020,Resuelta Adjudicación:31/01/2022,5250.36,ALFIZ 97 INGENIERÍA Y ARQUITECTURA; S.L.,
MSE 025/22,Servicios,Contratación del Servicio consistente en Asistencia Técnica a la Dirección de Obra de Parque Público entre Avenida de la Florida calle La Chumbera y calle La Pimienta TM Marbella Málaga,Resuelta Adjudicación:02/02/2022,11937.19,ALFIZ 97 INGENIERÍA Y ARQUITECTURA; S.L.,
MSE 054/22,Servicios,Contratación del Servicio para la Prestación del Servicio de Asistencia Técnica a la Dirección de Obras de "Remodelación y Mejora de Infraestructuras en calle San Idelfonso entre calle Santo Tomás de Aquino y calle Sur San Pedro Alcántara TM Marbella Málaga,Resuelta Adjudicación:17/02/2022,1050.00,ALFIZ 97 INGENIERÍA Y ARQUITECTURA; S.L.,
MSE 269/22,Servicios,Contratación del Servicio de asistencia técnica a la dirección de obras de Mejora de la movilidad y seguridad vial en el Bulevar de San Pedro de Alcántara TM Marbella incluido en la EDUSI Marbella Modelo Ciudad Sostenible,Resuelta Adjudicación:27/05/2022,2698.10,ALFIZ 97; INGENIERIA Y ARQUITECTURA; S.L.,
MSE 109/22,Servicios,Contratación del Servicio consistente en Redacción de Proyecto del Plan de Sostenibilidad Turística en destino Rehabilitación Sostenible Reconversión Energética y Adaptación al cambio climático del Palacio de Ferias y Congresos de Marbella Málaga,Resuelta Adjudicación:24/03/2022,14990.00,ALTIBERIA ENERGIA; S.L.,
MSU 009/22,Suministros,Contratación del Suministro en Régimen de Alquiler de seis Películas a cuatro empresas que tienen la Exclusividad Recogida y Devolución de las mismas,Resuelta Adjudicación:24/01/2022,2685.50,AMADEUS COURIER; S.L.U.; AVALON DIST. AUDIVISUAL; S.L.; VÉRTIGO FILMS; S.L.; WATSON & HOLMES; S.L.U.; YEDRA FILMS; S.L.,
MSE 236/22,Servicios,Contratación del Servicio para la contratación del proyecto de redacción y preparación de documentación de la solicitud de renaturalización y resilencia de ciudades españolas en el marco del Plan de Recuperación Transformación y Resiliencia 2021,Resuelta Adjudicación:13/05/2022,5000.00,AMMA CONSULTING SL,
MSE 149/22,Servicios,Contratación del Servicio de Asistencia Técnica a la Dirección de Obra del "Centro Cívico de Plaza de Toros" Plaza de la Concordia 3D TM Marbella Málaga,Resuelta Adjudicación:19/04/2022,564.69,ANA MERINO PEREZ,
MSE 150/22,Servicios,Contratación del Servicio consistente en Redacción de Proyecto para Actuaciones en Espacio Público en Regeneración y Renovación Urbana "Las Albarizas" TM Marbella Málaga,Resuelta Adjudicación:11/04/2022,5500.00,ANA MERINO PEREZ,
MSE 235/22,Servicios,Contratación del Servicio de elaboración de planes de intervención social comunitaria en Marbella,Resuelta Adjudicación:13/05/2022,14970.00,ANAHÍ SILVIA RAMA SAMPERIO,
MSE 137/22,Servicios,Contratación del Espectáculo Artístico "Avangelio" del Humorista Amodeo y los Servicios necesarios para su producción,Resuelta Adjudicación:07/04/2022,10578.40,ANDALUCIA PROTEC 2008; S.L.; RIFF PRODUCCIONES; S.L.; SERVICIOS CULTURALES DESEO; S.L.; SONILUC PRODUCCIONES; S.L.,
MSE 052/22,Servicios,Contratación del Servicio consistente de la Redacción del Proyecto de Ejecución de Estabilización y Acondicionamiento de la Playa de la Venus TM Marbella Málaga,Resuelta Adjudicación:17/02/2022,14800.00,ANDALUZA DE COSTAS Y PUERTOS CONSULTORIA; S.L.,
MSU 069/22,Suministros,Contratación del Suministro consistente en la Adquisición de 6 Impresoras de Tickets para su uso en las Instalaciones Deportivas con puntos de cobro instalaciones gestionadas por la Delegación de Deportes,Resuelta Adjudicación:02/03/2022,781.20,ANDALUZA DE PAPELERIA OFIPAPEL; S.L.,
MSU 147/22,Suministros,Contratación de la Adquisición de una Etiquetadora para el Etiquetado del Cableado de los Equipos Informáticos de la Sala Fría Servidores Generales de los Equipos Informáticos de la Policía de Marbella",Resuelta Adjudicación:19/04/2022,240.12,ANDALUZA DE PAPELERIA OFIPAPEL; S.L.,
MSE 100/22,Servicios,Contratación del Servicio consistente en Instalación de Quinientas Pajaritas de Papel en Red Suspendida,Resuelta Adjudicación:14/03/2022,2869.40,ANDALUZA DE TRABAJOS VERTICALES; S.L.,
MSE 201/22,Servicios,Contratación del evento dinamización Casco Histórico de Marbella 30 de abril de 2022 y los servicios necesarios para su celebración,Resuelta Adjudicación:29/04/2022,6155.00,ANTONIO AGUILAR SÁNCHEZ; ASOCIACIÓN DYA MÁLAGA; GOYO SL,
MSE 261/22,Servicios,Contratación del Servicio consistente en el Levantamiento topográfico para la redacción del proyecto del aparcamiento soterrado para vehículos eléctricos digitalización del espacio urbano y regeneración medioambiental de la Avenida Ricardo Soriano de Marbella,Resuelta Adjudicación:25/05/2022,3570.00,ANTONIO CAMPOS OCAÑA,
MSU 164/22,Suministros,Contratación del Suministro de un Equipo de Sonido e Iluminación para las Actuaciones Musicales con motivo de la Realización de los Premios Cofrades "Ciudad de Marbella",Resuelta Adjudicación:07/04/2022,3490.00,ANTONIO JOSE GUERRERO MONTES,
MSE 167/22,Servicios,Contratación del Servicio de Organización Gestión y Producción del Evento Musical "Big Band Rock" con Grupos Locales en el Boulevar de San Pedro Alcántara,Resuelta Adjudicación:19/04/2022,1364.00,ANTONIO JOSE GUERRERO MONTES,
MSE 256/22,Servicios,Contratación del Servicio consistente en la celebración de Pase de Moda Marbella Flamenca,Resuelta Adjudicación:13/05/2022,13725.00,ANTONIO JOSÉ GUERRERO MONTES,
MSU 245/22,Suministros,Contratación del Suministro para la adquisición del material necesario para la reposición de señalización por los servicios operativos,Resuelta Adjudicación:13/05/2022,7069.00,API MOVILIDAD SA,
MSE 248/22,Servicios,Contratación del Servicio consistente en el servicio de ocio en un parque acuático,Resuelta Adjudicación:25/05/2022,1148.20,AQUALAND SA,
MSE 203/22,Servicios,Contratación del Servicio consistente en "servicio profesional de arqueología para el análisis de estructuras emergentes en Trapiche del Prado en cumplimiento de las medidas correctoras de la resolución de la Delegada Territorial de Cultura y Patrimonio Histórico de Málaga",Resuelta Adjudicación:04/05/2022,14950.00,ARATISPI PATRIMONIO SL,
MSE 162/22,Servicios,Contratación del Servicio para cuota de participación correspondiente al año 2021 para la Integración de Marbella en la Red de Ciudades de Cine de Andalucía Andalucía Film Comission,Resuelta Adjudicación:11/04/2022,3543.73,ASOCIACIÓN ANDALUZA DE COMISIONADOS DE FILM; CINE Y TELEVISION,
MSE 172/22,Servicios,Contratación del Servicio para cuota participación correspondiente al año 2022 para la Integración de Marbella en la Red de Ciudades de Cine de Andalucía Andalucía Film Comission,Resuelta Adjudicación:27/04/2022,3543.73,ASOCIACIÓN ANDALUZA DE COMISIONADOS DE FILM; CINE Y TELEVISION,
MSE 115/22,Servicios,Contratación del Servicio para la Representación de las Piezas de Danza "Mediterránea" y "Dos solos de calle",Resuelta Adjudicación:18/03/2022,5800.00,ASOCIACIÓN CULTURAL ESCENA ACTIVA,
MSE 148/22,Servicios,Contratación del Servicio para el Espectáculo Musical "Cuartero de Arpas" de la Asociación Cultural Lidia del Río en el Paseo de Las Palmeras,Resuelta Adjudicación:07/04/2022,737.60,ASOCIACIÓN CULTURAL LIDIA DEL RIO,
MSE 243/22,Servicios,Contratación del Servicio para la organización del evento deportivo "Jornadas de tecnificación de todos los equipos de fútbol Pablo Picasso" a celebrar en el campo de Arroyo Primero Campo 1 de fútbol 11 del 30 de mayo al 3 de junio del 13 al 17 de junio y del 20 al 24 de junio de 2022,Resuelta Adjudicación:18/05/2022,4000.00,ASOCIACIÓN DEPORTIVA PABLO PICASSO,
MSE 251/22,Servicios,Contratación del Servicio de la promoción del destino Marbella mediante la difusión y promoción turística de la Marca Marbella con logo turístico en el tercer encuentro empresarial Asociación Española de Campos de Golf 2022,Resuelta Adjudicación:01/06/2022,8000.00,ASOCIACIÓN ESPAÑOLA DE CAMPOS DE GOLF 2022,
MSE 227/22,Servicios,Contratación del Servicio consistente en la cuota de suscripción año 2022 como socio corporativo de Asociación Española de Parques y Jardines Públicos,Resuelta Adjudicación:11/05/2022,198.00,ASOCIACIÓN ESPAÑOLA DE PARQUES Y JARDINES PÚBLICOS,
MSE 174/22,Servicios,Contratación del Servicio para el Pago de la Cuota de Suscripción Anual como Socio Corporativo de Asociación Multisectorial de la Jardinería Andaluza AMJA Programa Andalucía en Flor para el año 2022,Resuelta Adjudicación:27/04/2022,300.00,ASOCIACIÓN MULTISECTORIAL DE LA JARDINERIA ANDALUZA,
MSE 033/22,Servicios,Contratación del Servicio para la contratación de la zarzuela "El Barbero de Sevilla" de Teatro Lírico Andaluz en el CAE La Alcoholera,Resuelta Adjudicación:03/02/2022,6000.00,ASOCIACIÓN TEATRO LIRICO ANDALUZ,
MSU 039/22,Suministros,Contratación del Suministro de Material Fungible para Repasar y Reparar diversos materiales de los distintos espacios escénicos,Resuelta Adjudicación:09/02/2022,4426.00,ASTROL ESPECTÁCULOS; S.L.,
MSU 041/22,Suministros,Contratación del Suministro de Diverso Material Técnico destinado al CAE La Alcoholera,Resuelta Adjudicación:09/02/2022,2908.50,ASTROL ESPECTÁCULOS; S.L.,
MSU 001/22,Suministros,Contrato Menor del Suministro para el Servicio de Arrendamiento de 1 Vehículos para Incidencias del Área de Alcaldía del Excmo Ayuntamiento de Marbella,Resuelta Adjudicación:24/01/2022,14999.00,AUTOTRANSPORTE TURISTICO ESPAÑOL; S.L.,
MSE 095/22,Servicios,Contratación del Servicio Guías Turísticos Oficiales mientras se licita nuevo Contrato Mayor,Resuelta Adjudicación:08/03/2022,1652.89,BCM GESTIÓN DE SERVICIOS; S.L.,
MSE 082/22,Servicios,Contratación del Servicio para la Representación de la Obra de Teatro "Principiantes",Resuelta Adjudicación:04/03/2022,11000.00,BEGINNERS 2021 A.L.E.,
MSE 191/22,Servicios,Contratación del Servicio de Empresa para la Organización de la Carreta Vertical con motivo de los Actos de la Festividad del Patrón de Bomberos,Resuelta Adjudicación:29/04/2022,2044.10,BELEN MARIA GUTIERREZ VALLE,
MSE 085/22,Suministros,Contratación del Suministro de Material necesario para la celebración del Día Internacional de la Mujer,Resuelta Adjudicación:07/03/2022,486.00,BG 2000 GRUPO MARBELLA; S.L.,
MSE 127/22,Servicios,Contratación del Servicio para la Representación de la Pieza de Danza "Baleia La Manada",Resuelta Adjudicación:29/03/2022,4350.00,BUM CREACIONES; S.L.,
MSE 209/22,Servicios,Contratación del Servicio de destrucción de documentación confidencial,Resuelta Adjudicación:28/04/2022,60.00,BYEFILE MALAGA SL,
MSE 006/22,Servicios,Contratación del Servicio de Destrucción de Documentación Confidencial,Resuelta Adjudicación:24/01/2022,720.00,BYEFILE MÁLAGA; S.L.,
MSE 244/22,Servicios,Contratación del Servicio de apoyo logístico de las jornadas de puertas abiertas CD Ajedrez San Pedro de Alcántara a celebrar los días 13 y 14 de mayo y el torneo de ajedrez de San Pedro de Alcántara "XIII Torneo Primavera" a celebrar el 15 de mayo de 2022,Resuelta Adjudicación:13/05/2022,2479.34,C.D. AJEDREZ SAN PEDRO ALCÁNTARA,
MSE 237/22,Servicios,Contratación del Servicio de apoyo logístico para la organización del evento "XIX Torneo Homenaje Andrés Fuentes de Voleyball" a celebrar en el complejo polideportivo Antonio Serrano Lima de Marbella el 28 y 29 de mayo de 2022,Resuelta Adjudicación:13/05/2022,4958.68,C.D. COSTA DEL VOLEY,
MSE 042/22,Servicios,Contratación del Servicio del Espectáculo de Humor "Boeing Boeing" con Andoni Ferreño y Agustín Bravo en el CAE La Alcoholera,Resuelta Adjudicación:11/02/2022,5000.00,CABARET 42 PRODUCCIONES; S.L.,
MSE 066/22,Servicios,Contratación del Servicio para la contratación del Profesorado Externo que ha participado en la Implantación del Curso de Capacitación de Inspector Subinspectores y Oficiales del Excmo Ayuntamiento de Marbella conforme a la Oferta de Empleo Público de los años 2017 y 2018 Aprobado por Decreto de Alcaldía nº 2020/58583 de 17 de marzo de 2021,Resuelta Adjudicación:25/02/2022,6739.00,CARLOS TEJADA BAÑALES; CARMEN GUTIERREZ HENARES; FRANCISCO J. PÉREZ HORTAL; JOSÉ MARÍA MARTINEZ VÁZQUEZ; JOSÉ MARÍA RUIZ HERRERO; JUAN CARLOS MIRANDA DOMINGUEZ; JULIO A. MARTÍNEZ CARAZO; MARIA DE LAS OLAS PALMA GARCÍA; Mª DEL PILAR SÁNCHEZ MÉNDEZ; PABLO IBAÑEZ GALLARDO; ROCIO RIVERO FERNANDEZ; ROSARIO ALISES CASTILLO,
MSE 131/22,Servicios,Contratación del Servicio para la Reparación de los Minicamiones DSK Matriculas 8438HSK 8840HSK y 8444HSK del Servicio de Limpieza del Excmo Ayuntamiento de Marbella,Resuelta Adjudicación:31/03/2022,14918.56,CARRETILLAS Y DUMPER REYES; S.L.,
MSE 094/22,Servicios,Contratación del Servicio de la Reparación de la Grúa de Recogida de Islas 0873HVC del Servicio de Recogida de Residuos del Excmo Ayuntamiento de Marbella,Resuelta Adjudicación:08/03/2022,1743.75,CARROCERIAS HERMONT; S.L.,
MSE 135/22,Servicios,Contratación del Servicio para la Adaptación y Homologación de los Vehículos 5259HPD y 5261HPD del Servicio de Limpieza del Excmo Ayuntamiento de Marbella,Resuelta Adjudicación:07/04/2022,500.00,CARROCERIAS HERMONT; S.L.,
MSU 159/22,Suministros,Contratación del Suministro de Soporte Estabilizador para Grúa de Recogida de Islas del Servicio de Recogida de Residuos del Excmo Ayuntamiento de Marbella,Resuelta Adjudicación:20/04/2022,734.58,CARROCERIAS HERMONT; S.L.,
MSU 246/22,Suministros,Contratación del Suministro para la adquisición de bloque limitación para grúa de recogida de islas 0873HVC del Servicio de Recogida de Residuos del Excmo Ayuntamiento de Marbella,Resuelta Adjudicación:18/05/2022,587.68,CARROCERÍAS HERMONT SL,
MSE 040/22,Servicios,Contratación del Servicio para la Realización de Curso para la Obtención del Permiso de Conducción Tipo "A" para cinco 5 Agentes en Prácticas de la Policía Local de Marbella pertenecientes a la Convocatoria Pública en el Boletín Oficial de la Provincia de Málaga nº 136 de fecha 16 de julio de 2020,Resuelta Adjudicación:09/02/2022,1446.30,CENTRO AUTOESCUELA GRANADOS Y MARTÍN; S.L.,
MSE 044/22,Servicios,Contratación del Servicio para la Representación de la Obra de Teatro "Elektra25",Resuelta Adjudicación:11/02/2022,6900.00,CENTRO DE ARTE Y PRODUCCIONES TEATRALES; S.L.,
MSE 065/22,Servicios,Contratación del Servicio consistente en Análisis de Estabilidad Estructural de la Capilla de Vigil de Quiñones e Informe sobre Medidas Constructivas para su Rehabilitación,Resuelta Adjudicación:18/02/2022,600.00,CENTRO DE ESTUDIOS DE MATERIALES Y CONTROL DE OBRA; S.A.,
MSE 077/22,Servicios,Contratación del Servicio consistente en Estudio de la Estabilidad del Talud Lindero Sur del Campo de Entrenamiento de Rugby TM Marbella Málaga,Resuelta Adjudicación:25/02/2022,5853.00,CENTRO DE ESTUDIOS DE MATERIALES Y CONTROL DE OBRA; S.A.,
MSE 176/22,Servicios,Contratación del Servicio consistente en Redacción de Proyecto de Rehabilitación y Puesta en valor de la Torre del Cable de Marbella Málaga,Resuelta Adjudicación:27/04/2022,14900.00,CENTRO DE ESTUDIOS DE MATERIALES Y CONTROL DE OBRA; S.A.,
MSE 260/22,Servicios,Contratación del Servicio consistente en el Estudio de la capacidad portante de terreno para el recinto ferial San Bernabé 2022 del TM Marbella,Resuelta Adjudicación:19/05/2022,10652.00,CENTRO DE ESTUDIOS DE MATERIALES Y CONTROL DE OBRA; S.A.,
MSE 160/22,Servicios,Contratación del Servicio de Ejercicios Intercomparativos al Laboratorio Municipal de Marbella,Resuelta Adjudicación:07/04/2022,300.00,CENTRO NACIONAL TECNOLOGIA Y SEGURIDAD ALIMENTARIA,
MSE 156/22,Servicios,Contratación del Servicio de Análisis Diagnóstico y Estudio de la Repercusión Económica para el Excmo Ayuntamiento de Marbella de la Publicidad Inserción del Logo Turístico de Marbella,Resuelta Adjudicación:13/04/2022,13150.00,CERODOCE CONSULTING; S.L.,
MSU 070/22,Suministros,Contratación del Suministro consistente en la Ejecución de Trabajos de embellecimiento de las Rotondas de Ashmawi y Marbella Club,Resuelta Adjudicación:25/02/2022,14801.59,CESPESOL; S.L.,
MSE 014/22,Servicios,Contratación del Servicio de Mantenimiento Integral para los Proyectores Digitales instalados en las Salas de Proyección de Marbella y San Pedro Alcántara,Resuelta Adjudicación:24/01/2022,3000.00,CINEMANEXT SPAIN; S.L.,
MSE 224/22,Servicios,Contratación del Servicio consistente en el apoyo logístico para la organización del evento deportivo "I Torneo Ciudad de Marbella de Tenis de Mesa" a celebrar el en Instituto Pablo del Saz de Marbella el 14 de mayo de 2022,Resuelta Adjudicación:12/05/2022,4400.00,CLUB DE TENIS DE MESA LOS MANCHONES DE MARBELLA,
MSE 255/22,Servicios,Contratación del Servicio consistente en el apoyo logístico para la organización del evento "III Trofeo Nacional Ciudad de Marbella FEFF-IFBB" a celebrar en el Palacio de Ferias Exposiciones y Congresos Adolfo Suárez de Marbella el 14 de mayo de 2022,Resuelta Adjudicación:13/05/2022,14611.60,CLUB DEPORTIVO ALMAGROSPORT,
MSE 242/22,Servicios,Contratación del Servicio consistente en el apoyo logístico para la organización de los eventos deportivos "Campeonato de Liga Escolar 2022 a celebrar el sábado 28 de mayo de 2022" y "Torneo 3x3 de baloncesto Feria de San Bernabé a celebrar el sábado 18 de junio de 2022" en el polideportivo Bello Horizonte de Marbella,Resuelta Adjudicación:18/05/2022,10202.00,CLUB DEPORTIVO MARBELLA BASKET,
MSU 138/22,Suministros,Contratación del Suministro de la Sustitución de la Centralita del Vehículo 6772FXL del Servicio de Recogida de Residuos del Excmo Ayuntamiento de Marbella,Resuelta Adjudicación:07/04/2022,3248.52,CONCENTRACIÓN Y VENTAS INDUSTRIAL DE VEHÍCULOS; S.L.,
MSE 168/22,Servicios,Contratación del Servicio para Análisis y Diagnosis de la Avería del Vehículo 6756FXL del Servicio de Recogida de Residuos del Excmo Ayuntamiento de Marbella,Resuelta Adjudicación:20/04/2022,313.82,CONCENTRACIÓN Y VENTAS INDUSTRIAL DE VEHÍCULOS; S.L.,
MSE 299/22,Servicios,Contratación del Servicio de Auditoria Interna del Sistema de Gestión de Calidad al Laboratorio Municipal de Marbella,Resuelta Adjudicación:07/06/2022,500.00,CONSULTORIA DE IMPLANTACIÓN DE CALIDAD; S.L.,
MSE 035/22,Servicios,Contratación del Servicio de Coordinación de Seguridad y Salud de los Trabajos de Conservación de Parcelas y Cauces TM Marbella Málaga,Resuelta Adjudicación:09/02/2022,3946.28,COORDINACIONES Y PROYECTOS DE SEGURIDAD LAMS; S.L.,
MSU 170/22,Suministros,Contratación del Suministro de Material Ligero de Rescate Acuático para el Servicio de Prevención Extinción de Incendios y Salvamentos de Marbella,Resuelta Adjudicación:27/04/2022,12682.19,CRESTASUB; S.L.,
MSU 130/22,Suministros,Contratación del Suministro para la Instalación de Barandilla en la Escalera de las Nuevas Dependencias de la Delegación de Tráfico y Transportes,Resuelta Adjudicación:31/03/2022,1122.05,CRISTALERIA NUEVA; S.L.,
MSE 051/22,Servicios,Contratación del Servicio consistente para la Organización del Acto a celebrar denominado Boulevard de la Fantasía,Resuelta Adjudicación:17/02/2022,13965.00,CROSS MONKEY; S.L.U.,
MSE 298/22,Servicios,Contratación del Servicio consistente en la Impartición y Tutorización de diversos Cursos de Formación dirigidos a los Empleados Públicos Municipales a través de la Plataforma Digital de Formación de este Ayuntamiento,Resuelta Adjudicación:03/06/2022,14900.00,CURSIVA SERVICIOS DE FORMACIÓN; S.L.,
MSU 128/22,Suministros,Contratación del Suministro de Licencias Corporativas para la Conexión Remota entre Equipos Informáticos,Resuelta Adjudicación:30/03/2022,1443.80,DANYSOF INTERNACIONAL; S.L.,
MSE 114/22,Servicios,Contratación del Servicio para la Representación del Espectáculo de Danza "Viva",Resuelta Adjudicación:21/03/2022,14850.00,DANZA LIÑAN; S.L.U.,
MSE 083/22,Servicios,Contratación del Servicio para la Realización del Evento Junior Chef Marbella,Resuelta Adjudicación:08/03/2022,6710.00,DAVID CANCA BECERRA,
MSE 309/22,Servicios,Contratación del Servicio para la Celebración del Acto denominado "Refréscate en San Bernabé",Resuelta Adjudicación:08/06/2022,13820.00,DAVID GALLEGO RUBIALES,
MSE 253/22,Servicios,Contratación del Servicio de control de aves palomas gaviotas y aves invasoras mediante vuelos de halcón,Resuelta Adjudicación:31/05/2022,3966.95,DAVID GIL SERNA,
MSE 194/22,Servicios,Contratación del Servicio para la Reparación de la Máquina Plegadora de la Imprenta Municipal,Resuelta Adjudicación:03/05/2022,372.00,DAVID LOPEZ MOLINA,
MSE 214/22,Servicios,Contratación del Servicio de reparación del toldo del Centro Social Polivalente Santa Marta,Resuelta Adjudicación:06/05/2022,173.61,DAVID RODRÍGUEZ MONTES,
MSE 075/22,Servicios,Contratación del Servicio de la Emisión de Certificados de Eficiencia Energética correspondientes a seis viviendas objeto de enajenación mediante Subasta Pública,Resuelta Adjudicación:08/03/2022,2000.00,DELMAR INGENIERÍA; S.L.P.,
MSE 264/22,Servicios,Contratación del Servicio consistente en la retirada de amianto de los edificios municipales en cumplimiento de la normativa de Salud Pública y Riesgos Laborales del TM Marbella,Resuelta Adjudicación:25/05/2022,8940.30,DEMOLICIONES F.T. SL,
MSE 268/22,Servicios,Contratación del servicio de reparación de la hidrolimpiadora del taller de la Policía Local de Marbella,Resuelta Adjudicación:27/05/2022,70.00,DIEGO ROMERO PIÑA,
MSU 113/22,Suministros,Contratación del Suministro de Material Fungible de Equipo de Respiración del Servicio de Prevención Extinción de Incendios y Salvamentos de Marbella,Resuelta Adjudicación:14/03/2022,3663.00,DIVISA SOLUTIONS; S.L.,
MSE 037/22,Servicios,Contratación del Servicio de Redacción del Estudio de Dinámica Litoral de la Red de Pasarelas Dunas Real de Zaragoza TM Marbella Málaga,Resuelta Adjudicación:09/02/2022,5800.00,DUNA INGENIERIA; S.L.P.,
MSU 090/22,Suministros,Contratación del Suministro de Alquiler de dos unidades de WC Ecológico para su uso e instalación en el Evento Deportivo "XXX Circuito Provincial de Atletismo Modalidad Campo a Través Diputación de Málaga" a celebrar en San Pedro Alcántara el día 13 de Marzo de 2022,Resuelta Adjudicación:08/03/2022,319.00,ECOFERSA SISTEMAS INTEGRALES; S.L.,
MSE 126/22,Servicios,Contratación del Servicio consistente en Publicación en Prensa del Anuncio de Inicio expediente de Expropiación,Resuelta Adjudicación:23/03/2022,420.00,EDITORA MALAGUEÑA DE PUBLICACIONES; S.L.,
MSE 058/22,Servicios,Contratación del Servicio en Acceso a Través de Internet al Servicio de Información Jurídica de Editorial Aranzadi SAU Aranzadi Insignis,Resuelta Adjudicación:17/02/2022,4881.17,EDITORIAL ARANZADI; S.A.,
MSE 080/22,Servicios,Contratación del Servicio para la toma de Datos y Elaboración de toda la documentación necesaria para la Delimitación de los Bienes y Espacios que deban contar con una Protección por su valor Histórico Cultural Urbanístico y Arquitectónico en el Término Municipal de Marbella estableciendo las determinaciones precisas para su Conservación Protección y Mejora,Resuelta Adjudicación:08/03/2022,14850.00,EDUARDO ASENJO RUBIO; RAFAEL DE LACOUR JIMÉNEZ,
MSU 123/22,Suministros,Contratación del Suministro de Diecinueve 19 Chalecos Antibalas de uso externo para la Policía Local de Marbella,Resuelta Adjudicación:28/03/2022,11153.00,EL SIGLO 1870; S.L.,
MSE 038/22,Servicios,Contratación del Servicio para la Realización una Base de Datos Web para la Administración Gestión e Información de la Oferta de Recursos de Juventud,Resuelta Adjudicación:09/02/2022,14992.00,ELEPHANTPINK CREATIVE; S.L.U.,
MSE 228/22,Servicios,Contratación del Servicio para la certificación e implantación de la marca S de Sostenibilidad en 15 playas del TM de Marbella,Resuelta Adjudicación:18/05/2022,2850.00,ENRIQUE DOMÍNGUEZ CANTERO; OCA - INSTITUTO DE CERTIFICACIÓN,
MSE 262/22,Servicios,Contratación del Servicio consistente en la redacción del proyecto para la estabilización mediante refuerzo estructural del templete del Parque de la Alameda TM Marbella,Resuelta Adjudicación:19/05/2022,4800.00,ESTUDIOS DE MATERIALES Y CONTROL DE OBRA SA,
MSE 84/22,Servicios,Contratación del Servicio de Apoyo Logístico para la Organización del Evento "XX Circuito Provincial de Atletismo Modalidad Campo a Tráves; Diputación de Málaga" a celebrar en el Parque de las Medranas de San Pedro Alcántara el día 13 de Marzo de 2022,Resuelta Adjudicación:04/03/2022,1350.00,FEDERACIÓN ANDALUZA DE ATLETISMO,
MSE 154/22,Servicios,Contratación del Servicio de Apoyo Logístico para la Organización del Evento "Primera Edición de la Legua de San Bernabé incluido en el Programa de Feria de San Bernabé" Adherida al Circuito Provincial de Atletismo de la Diputación de Málaga" a celebrar en el día 4 de junio de 2022,Resuelta Adjudicación:26/04/2022,550.00,FEDERACIÓN ANDALUZA DE ATLETISMO,
MSE 215/22,Servicios,Contratación del Servicio de apoyo logístico para la organización de tres eventos deportivos siendo estos Prueba Circuito Bronce Andaluz Absoluto del Pádel Ciudad de Marbella Jornada de promoción de Pádel femenino y Jornada de promoción de Pádel Base organizado por la Delegación de Deportes del Ayuntamiento de Marbella a celebrar en el Centro Deportivo Fuentenueva de Supera,Resuelta Adjudicación:11/05/2022,14950.00,FEDERACIÓN ANDALUZA DE PÁDEL,
MSE 303/22,Servicios,Contratación del Servicio para Pago de Cuota Inscripción del Municipio en la Red Europea de Ciudades Saludables-FEMP correspondiente al año 2022,Resuelta Adjudicación:02/06/2022,1344.16,FEDERACIÓN ANDALUZA MUNICIPIOS Y PROVINCIAS,
MSE 193/22,Servicios,Contratación de Cuota Inscripción del Municipio en la Red Europea de Ciudades Saludables- FEMP correspondiente al año 2021,Resuelta Adjudicación:22/04/2022,2000.00,FEDERACIÓN ESPAÑOLA DE MUNICIPIOS Y PROVINCIAS,
MSU 152/22,Suministros,Contratación del Suministro para la Adquisición del Filtros Hepa para los Purificadores de Aires de las Aulas del Centro Social Miraflores,Resuelta Adjudicación:11/04/2022,1108.27,FERRETERIA EL STORE; S.L.,
MSU 249/22,Suministros,Contratación del Suministro para pequeño material de ferretería para actividades de la Delegación de Juventud,Resuelta Adjudicación:18/05/2022,501.24,FERRETERÍA VILLALÓN E HIJOS SL,
MSU 158/22,Suministros,Contratación del Suministro de Material en el Curso de Fotografía de la Delegación de Cultura,Resuelta Adjudicación:20/04/2022,531.75,FOTOCASION; S.L.,
MSU 271/22,Suministros,Contratación del Suministro de ornamentación para la Caseta del Mayor de la Feria de San Bernabé 2022,Resuelta Adjudicación:27/05/2022,572.70,FRANCISCO CANO RUIZ; UNIFORMES BAHÍA SL,
MSU 198/22,Suministros,Contratación de la Organización y Realización de la actividad "Premios al comercio de Marbella 2022",Resuelta Adjudicación:01/06/2022,11350.00,FRANCISCO JAVIER MILLÁN,
MSE 048/22,Servicios,Contratación del Servicio para la Promoción destino Marbella mediante la Difusión y Promoción de la Marca Marbella con Logo Turístico en la Pasarela Simof 2022,Resuelta Adjudicación:11/02/2022,3000.00,FRANCISCO JAVIER VÁZQUEZ RODRÍGUEZ,
MSE 030/22,Servicios,Contratación del Servicio consistente en la Reparación de la Avería de una fuga de agua del Campo nº 1 del Polideportivo Arroyo 1º de Marbella instalación Deportiva Gestionada por la Delegación de Deportes del Excmo Ayuntamiento de Marbella,Resuelta Adjudicación:03/02/2022,14750.00,FRANCISCO MORITO MARIN,
MSE 204/22,Servicios,Contratación del Servicio para limpieza reparación y desinfección de equipos de climatización,Resuelta Adjudicación:05/05/2022,2672.00,FRICALSUR 2002 SL,
MSE 175/22,Servicios,Contratación del Servicio para la adquisición de las Normas Tecnológicas de Jardinería y Paisajismo y Cuota de Mantenimiento año 2022,Resuelta Adjudicación:27/04/2022,3500.00,FUNDACIO DE LA JARDINERIA I EL PAISATGE,
MSE 118/22,Servicios,Contratación del Servicio para la Representación de la Pieza de Danza "Miramiró",Resuelta Adjudicación:22/03/2022,3000.00,GASPAR MOREY KLAPSING,
MSE 216/22,Servicios,Contratación del servicio consistente en la Creación introducción y la estrategia a seguir en las redes sociales de los patrocinados en el Programa Marca Marbella gestionado por la Delegación de Deportes,Resuelta Adjudicación:11/05/2022,3000.00,GASTÓN ANDRÉS IGLESIAS AIROLDI,
MSE 064/22,Servicios,Contratación del Servicio para la Representación de la Obra de Teatro "El Alma de Valle Inclán",Resuelta Adjudicación:18/02/2022,7500.00,GESTIÓN Y PRODUCCIÓN BAKTY; S.L.,
MSE 043/22,Servicios,Contratación del Servicio de la Representación del Espectáculo de Títeres "El nuevo Traje del Emperador" de la Compañía Desguace Teatro en el CAE La Alcoholera,Resuelta Adjudicación:17/02/2022,1157.02,GESTORA DE NUEVOS PROYECTOS CULTURALES; S.L.,
MSU 163/22,Suministros,Contratación del Suministro por el Alquiler de Valles Enfundadas para la Tribuna Oficial instalada en la Avda Ramón y Cajal con motivo de la Semana Santa 2022,Resuelta Adjudicación:07/04/2022,14947.70,GIS95 MED-SERVICES; S.L.,
MSE 146/22,Servicios,Contratación del Servicio para la Representación del Espectáculo de Teatro y Música "Jazz en la Pecera" de la Compañía Teatro del Gallinero en el CAE La Alcoholera,Resuelta Adjudicación:01/04/2022,1880.16,GNP PRODUCCIOENS CULTURALES; S.L.,
MSU 031/22,Suministros,Contratación del Suministro de Quince 15 Cascos Abatibles para la Unidad de Tráfico de la Policía Local de Marbella,Resuelta Adjudicación:03/02/2022,4113.15,GRANADA COMUNICACIONES 2012; S.L.U.,
MSE 67/22,Servicios,Contratación del Servicio de Rotulación-Adaptación a la Nueva Imagen Corporativa de la Policía Local de Marbella de dieciocho 18 Vehículos Policiales,Resuelta Adjudicación:25/02/2022,14590.00,GRANADA TELECOMUNICACIONES 2012; S.L.U.,
MSU 068/22,Suministros,Contratación del Suministro de cuatro 4 Parques Pediátricos para el Desfibrilador de un Vehículo Patrulla de la Policía Local de Marbella,Resuelta Adjudicación:25/02/2022,300.92,GRANADA TELECOMUNICACIONES 2012; S.L.U.,
MSE 199/22,Servicios,Contratación del Servicio consistente en "Formación examen práctico y tramitación de la titulación ante la Agencia Estatal de Seguridad Aérea para operadores de drones de categoría STS-01 y STS-02",Resuelta Adjudicación:04/04/2022,650.00,GRUPO ONE AIR AVIACIÓN SL,
MSU 217/22,Suministros,Contratación del Suministro de baterías para la protección de los servidores del Centro de Proceso de Datos Municipal,Resuelta Adjudicación:11/05/2022,6034.00,HERBECON SYSTEMS SL,
MSE 056/22,Servicios,Contratación del Servicio de Redacción de Proyecto "Propuesta de Renaturalización y Mitigación del Riesgo de Inundación en el entorno Urbano del Río Guadaíza TM Marbella Málaga,Resuelta Adjudicación:17/02/2022,14975.00,HIDMA CONSULTORA; S.L.,
MSE 019/22,Servicios,Contratación del Servicio consistente en Redacción de Proyecto Parque Recreativo de Ocio y Esparcimiento del Mediterráneo TM Marbella Málaga,Resuelta Adjudicación:26/01/2022,14950.00,HUETE ARQUITECTOS; S.L.P.,
MSE 106/22,Servicios,Contratación del Servicio consistente en Redacción de Anteproyecto del "Plan Gran Ciudad Turística Corredor Verde "El Pinillo" TM Marbella Málaga,Resuelta Adjudicación:14/03/2022,14950.00,HUETE ARQUITECTOS; S.L.P.,
MSE 142/22,Servicios,Contratación del Servicio consistente en Cronoscloud para su uso con la Aplicación Cronos 12A de Gestión de Instalaciones Deportivas y Control de Accesos en la Delegación Municipal de Deportes del Ayuntamiento de Marbella,Resuelta Adjudicación:11/04/2022,980.00,I2A PROYECTOS INFORMATICOS; S.A.,
MSE 076/22,Servicios,Contratación del Servicio consistente en Redacción del Estudio de Tráfico para el Proyecto del Parque Recreativo de Ocio y Esparcimiento del Mediterráneo TM Marbella Málaga,Resuelta Adjudicación:25/02/2022,5200.00,IDEA CONSULTORÍA Y URBANISMO; S.L.,
MSU 258/22,Suministros,Contratación del Suministro de placas de pecho de cartera y de paisano para la Policía Local de Marbella,Resuelta Adjudicación:20/05/2022,2215.70,IGNACIO DOCAL SAN ANTÓN,
MSE 205/22,Servicios,Contratación del servicio de acceso a la base de datos del Registro Andaluz de Identificación Animal,Resuelta Adjudicación:06/06/2022,6000.00,ILUSTRE COLEGIO OFICIAL DE VETERINARIOS MÁLAGA,
MSU 263/22,Suministros,Contratación del suministro para el pago del uso de la Marca "Q" de calidad turística Destino Turístico Inteligente DTI municipio de Marbella,Resuelta Adjudicación:01/06/2022,1000.00,INSTITUTO PARA LA CALIDAD TURÍSTICA ESPAÑOLA (ICTE),
MSE 184/22,Servicios,Contratación se Servicio de 4 Servicios Funerarios Básicos Antigua Ben eficiencia correspondiente al año 2021,Resuelta Adjudicación:19/04/2022,3285.96,INTERFUNERARIAS; S.L.U.,
MSE 295/22,Servicios,Contratación del Servicio para la Realización del Estudio del Modelo de Gestión para el Plan de Dinamización Comercial del Casco Antiguo de Marbella,Resuelta Adjudicación:10/06/2022,12400.00,INTUERI CONSULTING; S.L.U.,
MSU 165/22,Suministros,Contratación del Suministro por el Montaje y Desmontajes de Sillas Cubre Balcones y Carpas con motivo de la Semana de Pasión 2022,Resuelta Adjudicación:07/04/2022,14753.75,ISC 14000; S.L.,
MSE 047/22,Servicios,Contratación del Servicio para la Asistencia Técnica a la Dirección de Obra de la Obra de Aparcamiento Subterráneo en calle Doha TM Marbella Málaga,Resuelta Adjudicación:11/02/2022,14900.00,JAVIER CANDELA ORTIZ DE LA TABLA,
MSU 122/22,Suministros,Contratación de la Adquisición de Discos y Tablas de Madera para impartir Clases en el Curso de Cerámica de la Delegación de Cultura,Resuelta Adjudicación:28/03/2022,1830.00,JAVIER MACIAS FONTIVEROS,
MSE 133/22,Servicios,Contratación del Servicio para la Promoción de Marbella a través de la I Word Pádel Soccer 2022 para difundir la Imagen de Marbella mediante el Logo Turístico de la Delegación de Turismo de Marbella,Resuelta Adjudicación:01/04/2022,14900.00,JOSE CARLOS BERNAL RODRIGUEZ,
MSE 059/22,Servicios,Contratación del Servicio consistente en Asistencia Técnica a la Dirección de Obra "Vivero Municipal en Las Chapas" TM Marbella Málaga,Resuelta Adjudicación:15/03/2022,6528.92,JOSUE GOMEZ BONILLA,
MSE 036/22,Servicios,Contratación del Servicio de Asistencia Técnica a Dirección de Obra de Mejora de la Eficiencia Energética en el Complejo Deportivo formado por el Estadio Municipal y el Polideportivo Juan José Almagro de San Pedro Alcántara TM Marbella Málaga incluido en la Edusi Marbella modelo de Ciudad Sostenible Cofinanciado en un 80 por el Fondo Europeo de Desarrollo Regional FEDER en el Marco del Programa Operativo Plurirregional de España POPE 2021-2020,Resuelta Adjudicación:09/02/2022,10447.85,JOSÉ ANTONIO ADALID SOLDADO,
MSE 108/22,Servicios,Contratación del Servicio consistente en Representación del Espectáculo de Humor "Cave Canem" de la Compañía de Teatro Malaje solo en el CAE La Alcoholera,Resuelta Adjudicación:14/03/2022,2300.00,JOSÉ ANTONIO AGUILAR PÉREZ,
MSE 301/22,Servicios,Contratación del Servicio consistente en Asistencia Técnica de la Dirección de Obra para la Reconstrucción de Muros de Cerramiento Eliminación de Barreras Arquitectónicas y Adecuación de las Instalaciones Eléctricas Alumbrado y Sistema contra Incendios del CEIP Federico García Lorca TM Marbella Málaga,Resuelta Adjudicación:08/06/2022,5057.85,JOSÉ MANUEL LARA SANTIAGO,
MSE 061/22,Servicios,Contratación del Servicio de Asistencia Técnica a la Dirección de Obras de "Acondicionamiento de Local Municipal en Avda Luis Braille para nuevas oficinas de Turismo y Mejora de su entorno en San Pedro Alcántara TM Marbella Málaga,Resuelta Adjudicación:17/02/2022,8436.67,JUAN ANTONIO FERNÁNDEZ PÉREZ,
MSE 233/22,Servicios,Contratación del Servicio de creatividad diseño adaptación e impresión de la actividad polivalente Festival 2022 de la Delegación de Juventud,Resuelta Adjudicación:13/05/2022,863.00,JUAN JESÚS RODRÍGUEZ TARIFA,
MSE 145/22,Servicios,Contratación del Servicio de Redacción de Proyecto Mejora de Pavimentación del Acerado en calle 19 de Guadalmina San Pedro Alcántara TM Marbella Málaga,Resuelta Adjudicación:13/04/2022,1400.00,JUAN MIGUEL VAZQUEZ SANCHEZ,
MSE 182/22,Servicios,Contratación del Servicio del Concierto de Jazz "Raíces" de la Formación Musical La Bejazz Flamenco Jazz en el Paseo de Las Palmeras en conmemoración del día Internacional del Jazz,Resuelta Adjudicación:20/04/2022,1219.01,LA BEJAZZ FLAMENCO JAZZ; S.L.,
MSE 034/22,Servicios,Contratación del Servicio para la Representación "La Boda de la Pulga y el Piojo" de la Compañía de Títeres la Gotera de Lazotea en el Paseo de Las Palmeras,Resuelta Adjudicación:09/02/2022,1322.31,LA GOTERA; S.C.,
MSE 010/22,Servicios,Contratación del Servicio para la Actuación Musical de Zenet,Resuelta Adjudicación:24/01/2022,6500.00,LA MAR SONORA PRODUCCIONES; S.L.,
MSE 247/22,Servicios,Contratación del Servicio consistente en publicación de anuncios de exposición al público de acuerdos de aprobación inicial de Ordenanzas fiscales en un diario de los de mayor difusión de la provincia,Resuelta Adjudicación:18/05/2022,1140.00,LA OPINIÓN DE MÁLAGA SLU,
MSE 276/22,Servicios,Contratación del Servicio consistente en la publicación en prensa del anuncio sobre el acuerdo de la Junta de Gobierno Local de la declaración de innecesariedad de reparcelación "Las Palmeras",Resuelta Adjudicación:26/05/2022,360.00,LA OPINIÓN DE MÁLAGA SLU,
MSE 277/22,Servicios,Contratación del Servicio consistente en la publicación en prensa de anuncio de aprobación inicial de estudio de detalle "Elviria Sur",Resuelta Adjudicación:26/05/2022,380.00,LA OPINIÓN DE MÁLAGA SLU,
MSE 079/22,Servicios,Contratación del Servicio consistente en Publicación en Prensa de los Anuncios de Aprobación Inicial de Proyectos de Urbanización,Resuelta Adjudicación:04/03/2022,540.00,LA OPINIÓN DE MÁLAGA; S.L.U.,
MSE 181/22,Servicios,Contratación del Servicio de la Representación del Espectáculo "Hamelin" de la Compañia Xip Xap en el CAE La Alcoholera,Resuelta Adjudicación:20/04/2022,743.80,LAURA CAMPOY GARCIA,
MSE 220/22,Servicios,Contratación del Servicio para la contratación del curso taller de nóminas avanzadas y del curso Siltra Avanzado así como la adquisición de varios mementos para diverso personal adscrito al Negociado de Nóminas y Seguridad Social del Área de Recursos Humanos del Ayuntamiento de Marbella,Resuelta Adjudicación:12/05/2022,4403.00,LEFEBVRE EL DERECHO SA,
MSE 015/22,Servicios,Contratación del Servicio consistente en la Suscripción a la Base de Datos Jurídica "El derecho Local" LEFEBVRE,Resuelta Adjudicación:25/01/2022,2761.00,LEFEBVRE-EL DERECHO; S.A.,
MSE 183/22,Servicios,Contratación del Servicio consistente en el Paquete de Bases de Datos IQMEMENTO uno Social Experto RRHH Derecho Local y QMEMENTO Mementix Empleado Público de Lefebvre,Resuelta Adjudicación:19/04/2022,2646.00,LEFEBVRE-EL DERECHO; S.A.,
MSE 166/22,Servicios,Contratación del Servicio de Revisión y Mantenimiento de los Elevadores de Marbella y San Pedro Alcántara,Resuelta Adjudicación:22/04/2022,520.00,LIFTISA; S.L.,
MSE 017/22,Servicios,Contratación del Servicio de Asistencia a Misión Comercial Turística en Emiratos Árabes 2022,Resuelta Adjudicación:24/01/2022,5800.00,LUXURY CONSULTING INVESTMENT; S.L.,
MSE 190/22,Servicios,Contratación del Servicio para participación en varias acciones promocionales a realizar con la Asociación Española del Lujo de Mayo a Octubre del año 2022,Resuelta Adjudicación:27/04/2022,12000.00,LUXURY CONSULTING INVESTMENT; S.L.,
MSE 173/22,Servicios,Contratación del Servicio para la Representación de los Espectáculos de Danza "The Mountain The Truth  The Paradise" y "Bach",Resuelta Adjudicación:20/04/2022,9866.00,MAL PELO; S.C.C.L.,
MSE 305/22,Servicios,Contratación del Servicio consistente en Reparación de Instalaciones Eléctricas y de Fontanería de la Sala Multiuso del Colegio Nuestra Señora del Carmen TM Marbella Málaga,Resuelta Adjudicación:14/06/2022,3494.54,MANSEL ELECTRICIDAD Y MONTAJE; S.L.,
MSE 057/22,Suministros,Contratación del Suministro de dos puertas electrónicas para los Mercados Central y Divina Pastora de Marbella,Resuelta Adjudicación:17/02/2022,5300.00,MANUEL SUAREZ MARISCAL; S.L.,
MSE 202/22,Servicios,Contratación del Servicio de rediseño y adaptación de cartelería y planos turísticos para campañas de promoción turísticas de la Delegación de Turismo de Marbella,Resuelta Adjudicación:03/05/2022,4900.00,MANUEL VAQUERIZO BELLO,
MSE 254/22,Servicios,Contratación del Servicio consistente en la redacción del proyecto del "Plan Turístico de grandes ciudades Rehabilitación de elementos de protección y supresión de barreras arquitectónicas del paseo marítimo TM Marbella,Resuelta Adjudicación:18/05/2022,9800.00,MARBE INGENIERÍA SL,
MSE 053/22,Servicios,Contratación del Servicio consistente Redacción de Proyecto "Demolición de Badén Actual y Construcción de nuevo Puente adaptado al riesgo de inundación en el Río Guadaíza zona Cortijo Blanco TM Marbella Málaga,Resuelta Adjudicación:17/02/2022,5000.00,MARBE INGENIERÍA; S.L.,
MSE 107/22,Servicios,Contratación del Servicio consistente en Redacción de Proyecto de "Plan de Sostenibilidad Turística en destino Restauración Ambiental Inicio Cauce Arroyo Gualdalpín y Realización de Senda Fluvial TM Marbella Málaga,Resuelta Adjudicación:18/03/2022,14980.00,MARBE INGENIERÍA; S.L.,
MSE 151/22,Servicios,Contratación del Servicio de Redacción de Proyecto Sustitución de Césped Artificial del Campo de Futbol 11 del Polideportivo Juan José Almagro de San Pedro Alcántara TM Marbella Málaga,Resuelta Adjudicación:20/04/2022,14500.00,MARBE INGENIERÍA; S.L.,
MSE 296/22,Servicios,Contratación del Servicio para el Arreglo de Motos de Agua de Protección Civil,Resuelta Adjudicación:09/06/2022,2995.00,MARBELLA JET CENTER; S.L.,
MSU 002/22,Suministros,Contrato Menor del Suministro de Combustible para Las Embarcaciones del Excmo Ayuntamiento de Marbella,Resuelta Adjudicación:24/01/2022,8264.46,MARBELLA SHIPYARD; S.L.,
MSE 008/22,Servicios,Contratación del Servicio consistente en la Reparación de la Embarcación "Bomberos I" para el Servicio de Extinción Prevención de Incendios y Salvamentos del Excmo Ayuntamiento de Marbella,Resuelta Adjudicación:24/01/2022,2050.00,MARBELLA SHIPYARD; S.L.,
MSE 101/22,Servicios,Contratación del Servicio para la Representación de la Pieza de Danza "El Bosque",Resuelta Adjudicación:15/03/2022,7000.00,MARCAT DANCE; S.L.,
MSU 074/22,Suministros,Contratación de la Adquisición de diversos material fungible para la Banda Municipal de Música,Resuelta Adjudicación:02/03/2022,987.60,MAREMUSIC RBC; S.L.,
MSU 178/22,Suministros,Contratación de la Adquisición de dos instrumentos para la Banda Municipal de Música,Resuelta Adjudicación:27/04/2022,3485.95,MAREMUSIC RBC; S.L.,
MSE 239/22,Servicios,Contratación del Servicio consistente en la consultoría para la emisión de certificados de eficiencia energética de los edificios e instalaciones municipales en el TM Marbella,Resuelta Adjudicación:13/05/2022,14500.00,MIGUEL CUEVAS GARCÍA,
MSE 013/22,Servicios,Contratación del Servicios de Animación para la Campaña de Vacunación entre menores de 5 a 11 años,Resuelta Adjudicación:24/01/2022,9230.00,MIGUEL ÁNGEL GONZÁLEZ MUÑOZ,
MSE 222/22,Servicios,Contratación del Servicio consistente en la suscripción al Programa de Gestión de Ligas con motivo de la organización de las Ligas Locales que organiza la Delegación de Deportes del Excmo Ayuntamiento de Marbella,Resuelta Adjudicación:13/05/2022,3451.00,MILEYENDA ENTERTAINMENT SL,
MSE 032/22,Servicios,Contratación del Servicio para la Representación de la Obra de Teatro "Rojo",Resuelta Adjudicación:03/02/2022,2363.60,MIREIA MIRACLE RAMOS,
MSE 071/22,Servicios,Contratación del Servicio consistente en Redacción del Estudio Acústico para el Proyecto del "Parque Recreativo de Ocio y Esparcimiento del Mediterráneo" TM Marbella Málaga,Resuelta Adjudicación:25/02/2022,1080.00,MOISÉS LAGUNA GÁMEZ,
MSE 110/22,Servicios,Contratación del Servicio consistente en Redacción de Proyecto de Plan de Sostenibilidad Turística en destino Restauración y Reforestación Reordenación de Accesos y Cerramiento de la Finca El Pinillo TM Marbella Málaga,Resuelta Adjudicación:18/03/2022,14900.00,MOMAA MARBELLA; S.L.,
MSU 221/22,Suministros,Contratación del Suministro para la adquisición de un módulo de aseos para las instalaciones del servicio de grúa de la Policía Local de Marbella,Resuelta Adjudicación:13/05/2022,5840.00,MUNDO MANAGEMENT SA,
MSU 120/22,Suministros,Contratación del Suministro para el Alquiler de dos Contenedores/Oficina Modular para la Gestión Temporal del Deposito de Animales Perdidos y/o Vagabundos en el Termino Municipal de Marbella,Resuelta Adjudicación:24/03/2022,12880.00,MUNDO MANAGEMENT; S.A.,
MSE 265/22,Servicios,Contratación del Servicio de análisis y estudio del edificio consistorial del Excmo Ayuntamiento de Marbella para su rehabilitación edificatoria conforme al Programa de Impulso a la Rehabilitación de edificios públicos de la Orden TMA/178/2022,Resuelta Adjudicación:19/05/2022,8500.00,MoMaA MARBELLA SL,
MSE 250/22,Servicios,Contratación del Servicio consistente en la representación del espectáculo infantil "La Granja" de la compañía Teloncillo Teatro en el CAE La Alcoholera,Resuelta Adjudicación:16/05/2022,533.33,MÁQUINA TEATRAL TELONCILLO SL,
MSE 49/22,Servicios,Contratación del Servicio para la Representación del Espectáculo de Títeres "Retablillo de D Cristóbal" de Lorca la Compañía Nao D`Amores en el CAE La Alcoholera,Resuelta Adjudicación:14/02/2022,3000.00,NAO D`AMORES; S.L.,
MSE 153/22,Servicios,Contratación del Servicio para la Representación de la Pieza de Danza "Frenesí",Resuelta Adjudicación:11/04/2022,1500.00,NATALIA TAPIA DEL BRIO,
MSE 016/22,Servicios,Contratación del Servicio de Resolución Urgente de para de Servicios del Sistema de Información Territorial de Marbella,Resuelta Adjudicación:24/01/2022,8975.00,NEVINTEC SISTEMAS; S.L.,
MSE 144/22,Servicios,Contratación del Servicio de Producción y Coordinación del I Certamen "Tenemos un Plan" de la Delegación de Juventud,Resuelta Adjudicación:13/04/2022,3444.34,NUDE CO. SCOOP. AND,
MSU 218/22,Suministros,Contratación del Suministro consistente en la adquisición de un equipo de parapente con el logo Marca Marbella de durabilidad superior a un año para publicitar la marca Marbella en los diferentes eventos y actividades deportivas que participen los deportistas de marca Marbella,Resuelta Adjudicación:12/05/2022,3523.55,NURIA MONTOYA ORTEGA,
MSE 241/22,Servicios,Contratación del Servicio consistente en fisioterapia para realizar un examen físico a los aspirantes al primer curso de danza de la Escuela Municipal de Música y Danza de Marbella y San Pedro de Alcántara,Resuelta Adjudicación:16/05/2022,480.00,OLIVER MÉNDEZ KRUGER,
MSU 294/22,Suministros,Contratación del Suministro distintos elementos necesarios para Actividades que Organiza la Delegación de Turismos en el Palacio de Congreso Travel Blog Experience TBEX,Resuelta Adjudicación:28/06/2022,14835.00,ONE2ONE MK&EVENTS; S.L.,
MSE 187/22,Servicios,Contratación del Servicio para un Espectáculo de Flamenco con Artistas Locales en Arenas de San Pedro Ávila por el Hermanamiento realizado con San Pedro Alcántara dentro de los Actos Conmemorativos del 450 Aniversario de Beatificación y Patronazgo de Fray Pedro de Alcántara,Resuelta Adjudicación:22/04/2022,4025.00,PACHECO SOLUCIONES; S.L.,
MSU 169/22,Suministros,Contratación del Suministro de Material Médico Sanitario Específico para el Hospital de Campaña del Ironman 703 evento patrocinado por el Excmo Ayuntamietno de Marbella y Gestionado por la Delegación de Deportes a celebrar el próximo 22 de mayo 2022,Resuelta Adjudicación:27/04/2022,1058.82,PALOMA SOTERRAÑA ROLDAN PEREZ,
MSE 200/22,Servicios,Contratación del Servicio de reparación y sintonización de los televisores de los Centros de Participación Activa Municipales,Resuelta Adjudicación:27/04/2022,760.74,PEDRO ANTONIO MARTÍN BAUTISTA,
MSE 225/22,Servicios,Contratación del Servicio consistente en la redacción del "Proyecto de obras para la instalación de videovigilancia en el perímetro exterior de edificios municipales en Plaza de la Libertad y Tenencia de Alcaldía de San Pedro de Alcántara,Resuelta Adjudicación:18/05/2022,1400.00,PEDRO CÓRDOBA OSTA,
MSE 007/22,Servicios,Contratación del Servicio consistente en la Reparación de la Bomba del Vehículo de Bomberos Autobomba Urbana Pesada B-11 para el Servicio de Extinción Prevención de Incendios y Salvamentos del Ayuntamiento de Marbella,Resuelta Adjudicación:24/01/2022,1240.68,PEGASUS REPAIRS & SUPRLIES SLL,
MSE 093/22,Servicios,Contratación del Servicio para un Curso de Atención Telefónica para la Sala del 092 de la Policía Local,Resuelta Adjudicación:08/03/2022,620.00,PILAR SÁNCHEZ MENDEZ,
MSE 274/22,Servicios,Contratación del Servicio para la celebración de un espectáculo de fuegos artificiales aéreos,Resuelta Adjudicación:27/05/2022,12000.00,PIROTECNIA ZARAGOZANA S.A.,
MSE 121/22,Servicios,Contratación del Servicio de una Campaña Publicitaria en Televisión y Diario Digital del Programa Marca Marbella y de los Deportistas Patrocinados en él así como los Grandes Eventos que se realizaran en el Municipio de esta año,Resuelta Adjudicación:28/03/2022,3000.00,PISCIS COMUNICACION Y EVENTOS COSTA; S.L.,
MSE 208/22,Servicios,Contratación del Servicio consistente en la realización de la I Beerfest Marbella Feria de la Cerveza 2021,Resuelta Adjudicación:28/04/2022,14420.00,PLAQUE SERVICIOS Y PRODUCCIONES SL,
MSU 308/22,Suministros,Contratación del Suministro de Catering para la Caseta del Mayor de la Feira de San Bernabé 2022,Resuelta Adjudicación:08/06/2022,9750.00,POSTIGO RESTAURACIÓN; S.L.,
MSU 104/22,Suministros,Contratación del Suministro consistente en la Adquisición de dos casetas diáfanas para uso de Oficinas su Instalación sería en el Complejo Polideportivo Antonio Serrano Lima y en el Polideportivo Arroyo Primero Campo nº 1 Gestionadas por la Delegación de Deportes,Resuelta Adjudicación:14/03/2022,8510.00,PREFABRI; S.L.,
MSU 157/22,Suministros,Contratación del Suministro de Parches y Baterías para los Desfibriladores con que están equipados los vehículos del Servicio de Prevención Extinción de Incendios y Salvamentos de Marbella,Resuelta Adjudicación:20/04/2022,2590.80,PROCARDIO HEARTCARE; S.L.,
MSE 086/22,Servicios,Contratación del Servicio para la Representación del Espectáculo de Títeres "Peneque El Corazón que mueve la Ópera" de Producciones Infantiles Miguel Pino en el Paseo de las Palmeras,Resuelta Adjudicación:08/03/2022,1800.00,PRODUCCIONES INFANTILES MIGUEL PINO; S.C.,
MSE 050/22,Servicios,Contratación del Servicio consistente del Espectáculo de Humor "Fabiolo Connection" con Rafa Maza en el CAE La Alcoholera,Resuelta Adjudicación:16/02/2022,2200.00,PRODUCCIONES YLLANA; S.L.,
MSE 300/22,Servicios,Contratación del Servicio de Producción Coordinación y Cobertura Técnica para el Desarrollo y Puesta en Escena de 1 Concierto Didáctico y 2 Actuaciones de la Banda "DITS" Devils In The Sky en Actividades y Eventos de la Delegación de Juventud durante 2022,Resuelta Adjudicación:07/06/2022,3300.00,RAFAEL REYES HINOJOSA,
MSE 073/22,Servicios,Contratación del Servicio de la Representación del Espectáculo de Títeres "Nil" de la Compañía Minusmal Teatro Efímero en el Boulevard,Resuelta Adjudicación:01/03/2022,900.00,RAIMON RUIZ DEL RIO,
MOB 272/22,Obras,Contratación de la Obra denominada Rehabilitación de vivienda tutelada de Servicios Sociales en la calle San Javier nº9 bajo C de San Pedro de Alcántara TM Marbella,Resuelta Adjudicación:30/05/2022,39998.28,RAMPEMAR SERVICIOS SL,
MSU 186/22,Suministros,Contratación del Suministro para el Alquiler del Stand del Ayuntamiento de Marbella en Mutua Madrid Open 2022 Marbella,Resuelta Adjudicación:27/04/2022,8056.70,REM.EDIT SOLUCIONES AUDIOVISUALES; S.L.U.,
MSE 005/22,Servicios,Contratación del Servicio de Gestión de Residuos del Parque Móvil Municipal,Resuelta Adjudicación:24/01/2022,744.00,REMASUR MEDIAMBIENTE; S.L.,
MSU 229/22,Suministros,Contratación del Suministro del alquiler de 3 contenedores marítimos para las playas del TM de Marbella,Resuelta Adjudicación:13/05/2022,3210.00,RENTA DE MAQUINARIA SLU,
MSU 063/22,Suministros,Contratación del Suministro de Colocación de un Vinilo de Protección Serigrafiado con los Distritos del Municipio en la Sala de Reparto de la Jefatura de Policía Local de Marbella,Resuelta Adjudicación:17/02/2022,1106.00,REPOGRAFIAS LA COLONIA; S.L.,
MSE 273/22,Servicios,Contratación del Servicio de mantenimiento de máquinas de producción documental de gran formato Ploter y Escáner,Resuelta Adjudicación:10/06/2022,6.42,RICOH ESPAÑA SLU,
MSE 003/22,Servicios,Contratación del Servicio de Mantenimiento de la Máquina Impresora Serie E244C430022 MP C8002SP y Cesión Temporal y Mantenimiento de Equipo Ricoh Pro C5200 Serie X087J330125 en Imprenta Municipal,Resuelta Adjudicación:24/01/2022,9779.00,RICOH ESPAÑA; S.L.U.,
MSE 136/22,Servicios,Contratación del Servicio de Asesoramiento en la Redacción y Actualización de Ordenanzas y Reglamentos Municipales de la Delegación de Tráfico y Transporte,Resuelta Adjudicación:07/04/2022,5400.00,RIGHT OPTION; S.A.P.,
MSE 012/22,Servicios,Contratación del Servicio para la Representación de la Obra "Andanzas y Entremeses",Resuelta Adjudicación:24/01/2022,9900.00,RON LALÁ TEATRO; S.L.,
MSE 212/22,Servicios,Contratación del servicio para la contratación del profesorado para la impartición del curso "Intervenciones en medio acuático rescates en superficie" del Servicio de Prevención Extinción de Incendios y Salvamento del Ayuntamiento de Marbella,Resuelta Adjudicación:11/05/2022,5952.00,SAMUEL SEGURA MENCHEN,
MSE 102/22,Servicios,Contratación del Servicio consistente en Representación de la Pieza de Danza "Vengo",Resuelta Adjudicación:14/03/2022,12000.00,SARA CANO DURÁN,
MSE 185/22,Servicios,Contratación del Servicio consistente en una Plataforma de Teleformación Personalizada dirigida a los Empleados Públicos Municipales,Resuelta Adjudicación:27/05/2022,14900.00,SAVIA INGTECNOVA; S.L.,
MSU 234/22,Suministros,Contratación del Suministro de adquisición de test detectores de sustancias estupefacientes y Sokks tubos de olores para el entrenamiento de los perros de la Unidad Canina de la Policía Local de Marbella,Resuelta Adjudicación:17/05/2022,790.00,SEIDDEN IDENTIFICACIÓN SL,
MSE 210/22,Servicios,Contratación del Servicio consistente en la adquisición de tres licencia de Autocad LT,Resuelta Adjudicación:05/05/2022,4365.00,SEMICONDUCTORES Y SISTEMAS SA,
MSU 132/22,Suministros,Contratación del Suministro de Plantas para el Distrito San Pedro Alcántara,Resuelta Adjudicación:01/04/2022,14940.00,SEMILLEROS LA PALMA; S.A.T,
MSE 226/22,Servicios,Contratación del Servicio consistente en el Estudio geotécnico para la redacción del proyecto "Senda Litoral Tramo Avenida Jardines de las Golondrinas a Avenida del Naviero TM Marbella Málaga",Resuelta Adjudicación:11/05/2022,1264.03,SERGEYCO ANDALUCÍA SL,
MSE 232/22,Servicios,Contratación del Servicio consistente en el Estudio geotécnico para la redacción del proyecto "Plan de Sostenibilidad Turística en Destino Restauración ambiental inicio cauce Arroyo Guadalpín y realización de Senda Fluvial TM de Marbella",Resuelta Adjudicación:18/05/2022,1492.66,SERGEYCO ANDALUCÍA SL,
MSE 046/22,Servicios,Contratación del Servicio consistente en Estudio Geotécnico para el Proyecto de Obra "Remodelación de la Parcela y Reforma de las Edificaciones del Faro de Marbella como Centro "Agenda 2030",Resuelta Adjudicación:17/02/2022,1218.97,SERGEYCO ANDALUCÍA; S.L.,
MSU 257/22,Suministros,Contratación del Suministro de reservas de invitaciones para el acto fin de curso de los talleres de los Centros de Participación Activa Municipales,Resuelta Adjudicación:25/05/2022,1008.60,SERVICIOS CULTURALES DESEO SL,
MSE 143/22,Servicios,Contratación del Servicio de Asistencia Técnica Especializada en el Asesoramiento y Desarrollo del Plan de Medidas Antifraude para la Participación en la Ejecución de Medidas del Plan de Recuperación Transformación y Resilencia,Resuelta Adjudicación:07/04/2022,1500.00,SERVICIOS INTEGRALES DE CONTRATACIÓN E INTERMEDIACIÓN DOMINUS; S.L.,
MSE 161/22,Servicios,Contratación del Servicio consistente en la Organización y Soporte Logístico de la Fase Final de Ascenso Masculina a Superliga 2 de Voleibol a celebrar desde el 22 al 24 de abril de 2022,Resuelta Adjudicación:18/04/2022,9682.00,SHOW TIME EXPERIENCE; S.L.,
MSU 62/22,Suministros,Contratación del Suministro de Ordenadores Personales para el Mantenimiento de Puestos de Trabajo Municipales,Resuelta Adjudicación:17/02/2022,14681.68,SISTEMAS DE OFICINA DE MARBELLA; S.A.,
MSE 192/22,Servicios,Contratación del Servicio de Alquiler de Fotocopiadora del Conservatorio Escuela Municipal de Música y Danza,Resuelta Adjudicación:22/04/2022,56.25,SISTEMAS DE OFICINA DE MARBELLA; S.A.,
MSU 297/22,Suministros,Contratación del Suministro de Ordenadores Personales para Nuevos Puestos de Trabajo Municipales,Resuelta Adjudicación:07/06/2022,14912.34,SISTEMAS DE OFICINA DE MARBELLA; S.A.,
MSE 311/22,Servicios,Contratación del Servicio para el Evento Musical "Concierto Los 40 Urban Show" que tendrá lugar en la Playa de la Salida del Paseo Marítimo Fernando Moreno de San Pedro,Resuelta Adjudicación:14/06/2022,14500.00,SOCIEDAD ESPAÑOLA DE RADIOFUSION; S.L.U.,
MSU 211/22,Suministros,Contratación del Suministro de licencia de uso de la solución Software "Zoom",Resuelta Adjudicación:05/05/2022,2399.00,SOLUCIONES DE VIDEOCOLABORACIÓN SL,
MSU 171/22,Suministros,Contratación del Suministro de dos equipos Audiovisuales para los Centros de Servicios Sociales,Resuelta Adjudicación:28/04/2022,2516.28,SOLUCIONES INFORMATICAS ISB 2006; S.L.,
MOB 088/22,Obras,Contratación de la Obra denominada "Centro Cívico de Plaza de Toros" Plaza de la Concordia 3D TM Marbella Málaga,Resuelta Adjudicación:22/03/2022,39999.11,STUDIO S; S.L.,
MSU 179/22,Suministros,Contratación del Suministro de Picadoras de Carne con destino a las Guarderías Municipales,Resuelta Adjudicación:27/04/2022,450.00,SUMINISTROS DE HOSTELERIA MARIBEL; S.L.,
MSE 092/22,Servicios,Contratación del Servicio consistente en Consultoría para la Modificación de Tipos de Ingresos e Informes de Gestión Tributaria en GTWIN,Resuelta Adjudicación:09/03/2022,5175.00,T-SYSTEMS ITC IBERIA; S.A.U.,
MSE 081/22,Servicios,Contratación del Servicio de Revisión de la Información Arqueológica disponible relativa al Término Municipal de Marbella y Elaboración de Análisis Arqueológico para su inclusión en los Instrumentos de Planeamiento Municipal en Tramitación,Resuelta Adjudicación:04/03/2022,5000.00,TALLER DE ARQUEOLOGIA; S.L.,
MSE 004/22,Servicios,Contratación del Servicio de Mantenimiento de la Mesa de Rayos X instalada en el Control de Acceso de la Plaza de los Naranjos,Resuelta Adjudicación:24/01/2022,1818.00,TARGET TECNOLOGÍA; S.A.,
MSE 011/22,Servicios,Contratación del Servicio para la Representación de la Obra de Teatro "Los que hablan",Resuelta Adjudicación:24/01/2022,5500.00,TEATRO DEL BARRIO SOCIEDAD COOPERATIVA MADRILEÑA DE CONSUMIDORES,
MSE 026/22,Servicios,Contratación del Servicio para la Representación de la Obra de Teatro "Tito Andrónico",Resuelta Adjudicación:01/02/2022,8500.00,TEATRO DEL NOCTÁMBULO; S.L.,
MSU 259/22,Suministros,Contratación del Suministro de treinta baterías para los equipos portátiles de la Policía Local de Marbella,Resuelta Adjudicación:25/05/2022,2989.50,TECNITEL MALAGA SL,
MSU 023/22,Suministros,Contratación del Suministro para la Sustitución de Sistemas de Ventilación de un Repetidor de Radio de la Policía Local de Marbella,Resuelta Adjudicación:31/01/2022,285.00,TECNITEL MÁLAGA; S.L.,
MSU 197/22,Suministros,Contratación del Suministro de material de sonido para la sala del "Foro Joven" de la Delegación de Juventud,Resuelta Adjudicación:03/05/2022,937.15,TECNOGRAME SL,
MSU 117/22,Suministros,Contratación del Suministro para la Equipación Policial de Dos 2 Quads pertenecientes a la Policía Local de Marbella,Resuelta Adjudicación:18/03/2022,3680.08,TELECOMUNICACIONES 2012; S.L.U.,
MSU 116/22,Suministros,Contratación del Suministro e Instalación de Cierre de Seguridad en el Centro de Participación para Personas Mayores Encarna Cantero,Resuelta Adjudicación:18/03/2022,8263.93,TODOCONSTRUCCIÓN MARBELLA; S.L.,
MSE 018/22,Servicios,Contratación del Servicio Redacción de Proyecto de Refuerzo Estructural y Actualización de las Instalaciones del Aparcamiento Público sito en el Estadio Municipal de Fútbol de Marbella,Resuelta Adjudicación:31/01/2022,14950.00,TRABAJOS OBRA CIVIL INGENIERÍA; S.L.,
MSE 275/22,Servicios,Contratación del Servicio para la revisión anual del analizador de drogas Modelo "Sotoxa" perteneciente a la Policía Local de Marbella,Resuelta Adjudicación:31/05/2022,350.00,TRADESEGUR S.A.,
MSE 078/22,Servicios,Contratación del Servicio de Transporte mediante Autobuses y Minibuses para las Actividades y Excursiones que organice o en las que colabore la Delegación de Cultura y Enseñanza,Resuelta Adjudicación:04/03/2022,7000.00,TRANSANDALUCIA; S.L.,
MSE 055/22,Servicios,Contratación del Servicio de un Concierto ofrecido por el Cantante Pablo Milanés en la que presentará su nueva gira "Días de Luz" en el CAE La Alcoholera,Resuelta Adjudicación:17/02/2022,12000.00,TRES JALEOS; A.L.E.,
MSE 139/22,Servicios,Contratación del Servicio de Talleres y Actividades Feria del Libro,Resuelta Adjudicación:07/04/2022,14460.00,TURDETANIA SERVICIOS CULTURALES; S.L.,
MSE 098/22,Servicios,Contratación del Servicio de Control de Ejecución Material y Asistencia Técnica al seguimiento de las Obras en Instalaciones Municipales,Resuelta Adjudicación:14/03/2022,14950.00,UNAI IZAGUIRRE TELLERI,
MSE 306/22,Servicios,Contratación del Servicio consistente en Asistencia Técnica a la Dirección de Obra para la Reubicación de Puerta de Emergencia y otras Actuaciones en el CEIP Vicente Aleixandre TM Marbella Málaga,Resuelta Adjudicación:14/06/2022,1575.00,UNAI IZAGUIRRE TELLERI,
MSU 103/22,Suministros,Contratación de la Adquisición de un uniforme completo para un miembro de la Banda Municipal de Música,Resuelta Adjudicación:16/03/2022,235.30,UNIFORMES LUQUE; S.L.,
MSE 091/22,Servicios,Contratación del Servicio de Apoyo Logístico para la Organización del Evento Deportivo "Torneo Mundialito Campeones Cup de Fútbol 2022" a celebrar en el Campo de Fútbol 7 y Fútbol 11 del Complejo Deportivo Juan José Almagro y Campo de Fútbol 11 del Estadio Municipal de San Pedro Alcántara el 16 de abril de 2022,Resuelta Adjudicación:14/03/2022,8000.00,UNION DEPORTIVA SAN PEDRO,
MSE 196/22,Servicios,Contratación del Servicio de Patrocinio Publicitario de la Marca Marbella en el Programa Radiomaratón Onda Deportiva Marbella de la Cadena Onda Cero a celebrar en 26 de mayo de 2022,Resuelta Adjudicación:25/05/2022,6000.00,UNIPREX; S.A.U.,
MSE 267/22,Servicios,Contratación del Servicio del estudio del impacto de la implantación del transporte público gratuito en la ciudad de Marbella,Resuelta Adjudicación:01/06/2022,9000.00,UNIVERSIDAD DE MALAGA ESCUELA DE INGENIERIAS INDUSTRIALES,
MSU 189/22,Suministros,Contratación del Suministro para la Creación Maquetación Diseño e Impresión de una Revista Juvenil de la Delegación de Juventud,Resuelta Adjudicación:29/04/2022,3816.52,UNIVERSITAS CREACCIONES; S.L.,
MSE 238/22,Servicios,Contratación del Servicio de apoyo logístico para la organización del evento deportivo "Torno Liga Andaluza Inclusiva" a celebrar en el Estado Municipal San Pedro de Alcántara con fecha de celebración del evento deportivo supeditada a las condiciones metereológicas,Resuelta Adjudicación:13/05/2022,14900.00,UNIÓN DEPORTIVA SAN PEDRO,
MSU 087/22,Suministros,Contratación del Suministro para la Instalación de Silla Salva Escalera para las nuevas Dependencias de la Delegación de Tráfico y Transportes,Resuelta Adjudicación:08/03/2022,2697.19,VALIDA SOLUTIONS; S.L.U.,
MSU 129/22,Suministros,Contratación del Suministro consistente en Material para llevar a cabo la Encuadernación de Libros de Actas de Junta de Gobierno Local y Juntas Municipales de Distritos así como Libros de Decretos y Resoluciones de Alcaldía,Resuelta Adjudicación:30/03/2022,1939.20,VASCO INFORMATICA; S.L.,
MSE 180/22,Servicios,Contratación del Servicio de la Representación del Espectáculo "Dados" de la Compañía Ventrículo Veloz en el CAE La Alcoholera,Resuelta Adjudicación:20/04/2022,733.33,VENTRICULO VELOZ; S.L.U.,
MSE 219/22,Servicios,Contratación del Servicio consistente en la verificación periódica anual del sonómetro integrador y calibrador acústico marca Brüel  Kjaer,Resuelta Adjudicación:11/05/2022,324.32,VERIFICACIONES INDUSTRIALES DE ANDALUCÍA SA,
MSU 270/22,Suministros,Contratación del Suministro de Elementos de identificación señalización imagen publicidad y difusión del Programa de Orientación Profesional MA/OCA/0004/2022,Resuelta Adjudicación:30/05/2022,2060.25,VINYLCOLOR DIGITAL SL,
MSU 060/22,Suministros,Contratación del Suministro de 60 Banderolas Publicitarias "Banderas de España y Rumanía" con motivo de la celebración de la eliminatoria de Copa Davis a celebrar en nuestro Municipio los días 4 y 5 de Marzo del 2022,Resuelta Adjudicación:17/02/2022,2220.00,VINYLCOLOR DIGITAL; S.L.,
MSU 195/22,Suministros,Contratación del Suministro de Impresión Digital en distintos Soportes Gráficos para Campaña Best European Destination,Resuelta Adjudicación:27/04/2022,11740.00,VINYLCOLOR DIGITAL; S.L.,
MSE 188/22,Servicios,Contratación del Servicio del viaje a Arenas de San Pedro Ávila por el Hermanamiento Realizado con San Pedro Alcántara dentro de los Actos Conmemorativos del 450 Aniversario de Beatificación y Patronazgo de Fray Pedro de Alcántara,Resuelta Adjudicación:26/04/2022,7850.00,VIRALEJO TOURS; S.L.,
MSE 155/22,Servicios,Contratación del Servicio de Grabación y Edición de Videos sobre las Mejoras y el Estado de Nuestras Instalaciones Deportivas Municipales Los Deportistas Patrocinados por Marca Marbella Actividades Deportivas Municipales y los Eventos Deportivos Municipales,Resuelta Adjudicación:13/04/2022,14000.00,VIRTUALITY 4D S. COOP. AND,
MSU 310/22,Suministros,Contratación del Suministro para el Servicio de Ornamentación del Recinto Ferial,Resuelta Adjudicación:08/06/2022,14998.37,VIVEROS GUZMAN; S.L.U.,
MSU 119/22,Suministros,Contratación del Suministro de Plantas,Resuelta Adjudicación:25/03/2022,14968.68,VIVEROS MARBELLA VERDE; S.L.,
MSE 024/22,Servicios,Contratación del Servicio consistente en suscripción a la Revista El Consultor,Resuelta Adjudicación:31/01/2022,2800.00,WOLTERS KLUWER LEGAL & REGULATORY ESPAÑA; S.A.,
MSE 029/22,Servicios,Contratación del Servicio para la Obra de Teatro Infantil "Laika" de la Compañia Xirriquiteula Teatre en el CAE La Alcoholera,Resuelta Adjudicación:02/02/2022,3900.00,XIRRIQUITEULA TEATRE; S.L.,
MSE 072/22,Servicios,Contratación del Servicio consistente en "Representación del Espectáculo Clown "Eco" de la Compañía Ymedio Teatro en el CAE La Alcoholera,Resuelta Adjudicación:25/02/2022,1800.00,YMEDIO TEATRO; S. COOP. AND.,
MSE 028/22,Servicios,Contratación del Servicio para la Representación del Espectáculo "Demo Elegía del Momento",Resuelta Adjudicación:02/02/2022,3700.00,ÁNGELA BODEGA BASTODA,
